{"cameraMode":{"drawMode":0,"name":"Shaded","section":"Shading Mode"},"sceneLighting":true,"audioPlay":false,"sceneViewState":{"showFog":true,"showMaterialUpdate":false,"showSkybox":true,"showFlares":true,"showImageEffects":true,"showParticleSystems":true},"in2DMode":false,"pivot":{"x":-2.801731586456299,"y":2.5324881076812746,"z":-3.7418019771575929},"rotation":{"x":-0.05067586526274681,"y":0.9197307825088501,"z":-0.12661896646022798,"w":-0.36809781193733218},"size":10.0,"orthographic":false}