{"cameraMode":{"drawMode":0,"name":"Shaded","section":"Shading Mode"},"sceneLighting":true,"audioPlay":false,"sceneViewState":{"showFog":true,"showMaterialUpdate":false,"showSkybox":true,"showFlares":true,"showImageEffects":true,"showParticleSystems":true},"in2DMode":false,"pivot":{"x":24.32535743713379,"y":1.4399609565734864,"z":-5.696442604064941},"rotation":{"x":0.3552068769931793,"y":-0.3003357946872711,"z":0.12166763842105866,"w":0.8768296241760254},"size":17.062631607055665,"orthographic":false}